<?xml version="1.0" encoding="UTF-8"?> <!DOCTYPE struts PUBLIC "-//Apache Software Foundation//DTD Struts Configuration 2.0//EN" "http://struts.apache.org/dtds/struts-2.0.dtd">
<struts>
	<constant name="struts.devMode" value="true"/>
	<package name="myhibernate" extends="hibernate-default">
		<action name="addStudent" 
				method="execute"
				class="curso.struts2.StudentAction">
			<result name="success" 
					type="redirect">
					listStudents
			</result>
		</action>
		<action name="listStudents" method="listStudents"
			class="curso.struts2.StudentAction">
			<result name="success">/students.jsp</result>
		</action>
	</package>
</struts>